run_id,command_group,command,task,status,exit_code,started_at,finished_at,duration_seconds,artifact_count,warning_count,error_count,result_path,latest_manifest_path
059583180026,affected,rig affected summary,td-cleanup-005,passed,0,,,0.0,5,0,0,.build/rig/results/059583180026.json,
321dc4e17bf6,affected,rig affected summary,td-cleanup-005,passed,0,,,0.0,5,0,0,.build/rig/results/321dc4e17bf6.json,
36472fdbaf80,affected,rig affected profiles,td-cleanup-005,passed,0,,,0.0,5,0,0,.build/rig/results/36472fdbaf80.json,
58d0477eae89,affected,rig affected summary,td-cleanup-005,passed,0,,,0.0,5,0,0,.build/rig/results/58d0477eae89.json,
686db8a167c0,affected,rig affected summary,td-cleanup-006,passed,0,,,0.0,5,0,0,.build/rig/results/686db8a167c0.json,
78b114d2aebf,affected,rig affected profiles,td-cleanup-005,passed,0,,,0.0,5,0,0,.build/rig/results/78b114d2aebf.json,
99bca28c26e5,affected,rig affected summary,td-cleanup-005,passed,0,,,0.0,5,0,0,.build/rig/results/99bca28c26e5.json,
c3835fe72ac1,affected,rig affected summary,td-cleanup-005,passed,0,,,0.0,5,0,0,.build/rig/results/c3835fe72ac1.json,
ff510ee16683,affected,rig affected profiles,td-cleanup-005,passed,0,,,0.0,5,0,0,.build/rig/results/ff510ee16683.json,
dcee2357d0a8,anigma_git_hygiene,/Applications/Xcode.app/Contents/Developer/usr/bin/python3 /Users/user/Developer/GitHub/Anigma_clean/scripts/anigma_git_hygiene.py status,,passed,0,2026-05-05T18:08:58Z,2026-05-05T18:08:58Z,0.49,0,0,0,.build/rig/results/dcee2357d0a8.json,
0de7426a298e,docs,rig docs index-rig-results,,passed,0,2026-05-05T18:09:10.515695Z,2026-05-05T18:09:10.515720Z,0.095,10,0,0,.build/rig/results/0de7426a298e.json,
b501a90f036c,docs,rig docs index-rig-results,,passed,0,2026-05-05T18:09:30.346629Z,2026-05-05T18:09:30.346642Z,0.217,10,0,0,.build/rig/results/b501a90f036c.json,
c472909c0f5e,anigma_pipeline,/Applications/Xcode.app/Contents/Developer/usr/bin/python3 /Users/user/Developer/GitHub/Anigma_clean/scripts/anigma_pipeline.py run --profile=local-fast --task=rig-agent-contract-hardening,,passed,0,2026-05-05T18:09:30Z,2026-05-05T18:09:33Z,3.194,0,0,0,.build/rig/results/c472909c0f5e.json,
b46b4e2d95e5,anigma_git_hygiene,/Applications/Xcode.app/Contents/Developer/usr/bin/python3 /Users/user/Developer/GitHub/Anigma_clean/scripts/anigma_git_hygiene.py status,,passed,0,2026-05-05T18:09:53Z,2026-05-05T18:09:54Z,0.385,0,0,0,.build/rig/results/b46b4e2d95e5.json,
7661c84f5e40,docs,rig docs index-rig-results,,passed,0,2026-05-05T18:10:02.054992Z,2026-05-05T18:10:02.055004Z,0.545,10,0,0,.build/rig/results/7661c84f5e40.json,
8cd033b5d4e2,anigma_pipeline,/Applications/Xcode.app/Contents/Developer/usr/bin/python3 /Users/user/Developer/GitHub/Anigma_clean/scripts/anigma_pipeline.py run --profile=local-fast --task=rig-agent-contract-hardening,,passed,0,2026-05-05T18:10:01Z,2026-05-05T18:10:05Z,3.857,0,0,0,.build/rig/results/8cd033b5d4e2.json,
6c45e4fcf996,swift,swift build --package-path anigma --target AnigmaDaemonCore,,failed,1,2026-05-05T18:21:14Z,2026-05-05T18:21:14Z,0.0,1,0,1,.build/rig/results/6c45e4fcf996.json,
65baf457d8c4,swift,swift build --package-path anigma --target AnigmaDaemonCore,,failed,1,2026-05-05T18:22:23Z,2026-05-05T18:22:23Z,0.0,1,0,1,.build/rig/results/65baf457d8c4.json,
5ab6c5dbe493,anigma_pipeline,/opt/homebrew/opt/python@3.13/bin/python3.13 /Users/user/Developer/GitHub/Anigma_clean/scripts/anigma_pipeline.py run --profile=cleanup-review --task=td-cleanup-005,,failed,1,2026-05-05T18:22:46Z,2026-05-05T18:23:18Z,31.904,0,0,1,.build/rig/results/5ab6c5dbe493.json,
72c07524d534,docs,rig docs index-rig-results,,passed,0,2026-05-05T18:24:16.263674Z,2026-05-05T18:24:16.263684Z,0.203,10,0,0,.build/rig/results/72c07524d534.json,
d6dacbbcef29,docs,rig docs table validator-registry-index,,failed,2,2026-05-05T19:43:21.876309Z,2026-05-05T19:43:21.879733Z,0.004,0,0,1,.build/rig/results/d6dacbbcef29.json,
cb9408858303,docs,rig docs index-rig-results,,passed,0,2026-05-05T19:43:22.499336Z,2026-05-05T19:43:22.499359Z,0.623,12,0,0,.build/rig/results/cb9408858303.json,
2b721c651bdd,docs,rig docs index-rig-results,,passed,0,2026-05-05T19:44:46.095727Z,2026-05-05T19:44:46.095739Z,0.312,12,0,0,.build/rig/results/2b721c651bdd.json,
c81210ab7f49,docs,rig docs index-rig-results,,passed,0,2026-05-05T19:52:29.772698Z,2026-05-05T19:52:29.772713Z,0.247,12,0,0,.build/rig/results/c81210ab7f49.json,
26ebd187c49c,docs,rig docs index-rig-results,,passed,0,2026-05-05T19:52:57.938532Z,2026-05-05T19:52:57.938543Z,0.261,12,0,0,.build/rig/results/26ebd187c49c.json,
f7a82f26c5c6,anigma_pipeline,/Applications/Xcode.app/Contents/Developer/usr/bin/python3 /Users/user/Developer/GitHub/Anigma_clean/scripts/anigma_pipeline.py run --profile=local-fast --task=rig-monitor-tui-bootstrap,,passed,0,2026-05-05T19:53:00Z,2026-05-05T19:53:02Z,1.761,0,0,0,.build/rig/results/f7a82f26c5c6.json,
77c5d80fdc92,docs,rig docs index-rig-results,,passed,0,2026-05-05T19:53:39.253354Z,2026-05-05T19:53:39.253366Z,0.395,12,0,0,.build/rig/results/77c5d80fdc92.json,
caf091bed4a6,anigma_pipeline,/Applications/Xcode.app/Contents/Developer/usr/bin/python3 /Users/user/Developer/GitHub/Anigma_clean/scripts/anigma_pipeline.py run --profile=local-fast --task=rig-session-review-bundle-bootstrap,,passed,0,2026-05-05T20:01:39Z,2026-05-05T20:01:41Z,1.938,0,0,0,.build/rig/results/caf091bed4a6.json,
ba31d800e552,docs,rig docs index-rig-results,,passed,0,2026-05-05T20:01:42.652549Z,2026-05-05T20:01:42.652568Z,0.335,12,0,0,.build/rig/results/ba31d800e552.json,
9383093ca525,docs,rig docs index-rig-results,,passed,0,2026-05-05T20:06:16.909914Z,2026-05-05T20:06:16.909926Z,0.321,12,0,0,.build/rig/results/9383093ca525.json,
2b82a3c98c0c,docs,rig docs index-rig-results,,passed,0,2026-05-05T20:07:12.175365Z,2026-05-05T20:07:12.175376Z,0.339,12,0,0,.build/rig/results/2b82a3c98c0c.json,
80da034323ee,docs,rig docs index-rig-results,,passed,0,2026-05-05T20:16:48.207766Z,2026-05-05T20:16:48.207776Z,0.432,12,0,0,.build/rig/results/80da034323ee.json,
c3dba283400a,anigma_git_hygiene,/Applications/Xcode.app/Contents/Developer/usr/bin/python3 /Users/user/Developer/GitHub/Anigma_clean/scripts/anigma_git_hygiene.py status,,passed,0,2026-05-05T20:16:52Z,2026-05-05T20:16:52Z,0.385,0,0,0,.build/rig/results/c3dba283400a.json,
3529879e5d42,docs,rig docs index-rig-results,,passed,0,2026-05-05T20:28:24.503380Z,2026-05-05T20:28:24.503391Z,1.187,12,0,0,.build/rig/results/3529879e5d42.json,
824e8bb5f654,anigma_pipeline,/Applications/Xcode.app/Contents/Developer/usr/bin/python3 /Users/user/Developer/GitHub/Anigma_clean/scripts/anigma_pipeline.py run --profile=local-fast --task=rig-notifications-bootstrap,,passed,0,2026-05-05T20:28:38Z,2026-05-05T20:28:40Z,1.835,0,0,0,.build/rig/results/824e8bb5f654.json,
a75508124da9,docs,rig docs index-rig-results,,passed,0,2026-05-05T20:28:54.948577Z,2026-05-05T20:28:54.948589Z,0.505,12,0,0,.build/rig/results/a75508124da9.json,
schema-validate,schema,rig schema validate,,passed,0,2026-05-05T20:31:36.245082Z,2026-05-05T20:31:36.245279Z,0.0,1,0,0,.build/rig/results/latest.json,
schema-validate,schema,rig schema validate,,passed,0,2026-05-05T20:31:36.245082Z,2026-05-05T20:31:36.245279Z,0.0,1,0,0,.build/rig/results/schema-validate.json,
